<!-- Aseprite -->
<!-- Copyright (C) 2019  Igara Studio S.A. -->
<!-- Copyright (C) 2017  David Capello -->
<gui>
<window id="color_mode" text="@.title">
  <vbox>
    <view id="color_mode_view" expansive="true">
      <listbox id="color_mode" />
    </view>
    <hbox id="dithering_placeholder" />
    <hbox id="amount">
      <label text="@.amount" />
      <slider min="0" max="100" id="factor" minwidth="100" />
      <label text="%" />
    </hbox>
    <check text="@.flatten" id="flatten" />
    <separator horizontal="true" />
    <hbox>
      <slider min="0" max="100" id="progress" minwidth="100" />
      <boxfiller />
      <hbox homogeneous="true">
        <button text="@general.ok" closewindow="true" id="ok" magnet="true" minwidth="60" />
        <button text="@general.cancel" closewindow="true" />
      </hbox>
    </hbox>
  </vbox>
</window>
</gui>
